{
  "Delete Patient" : {
    "transaction" : "Delete Patient",
    "sampleCount" : 200000,
    "errorCount" : 0,
    "errorPct" : 0.0,
    "meanResTime" : 10.381469999999942,
    "medianResTime" : 4.0,
    "minResTime" : 1.0,
    "maxResTime" : 1424.0,
    "pct1ResTime" : 20.0,
    "pct2ResTime" : 30.0,
    "pct3ResTime" : 64.0,
    "throughput" : 171.19125144228627,
    "receivedKBytesPerSec" : 27.082990950830446,
    "sentKBytesPerSec" : 32.991596809936624
  },
  "Update Patient" : {
    "transaction" : "Update Patient",
    "sampleCount" : 200000,
    "errorCount" : 0,
    "errorPct" : 0.0,
    "meanResTime" : 10.41002999999985,
    "medianResTime" : 3.0,
    "minResTime" : 1.0,
    "maxResTime" : 1425.0,
    "pct1ResTime" : 20.0,
    "pct2ResTime" : 30.0,
    "pct3ResTime" : 65.0,
    "throughput" : 171.18993266244,
    "receivedKBytesPerSec" : 81.13851121893225,
    "sentKBytesPerSec" : 64.64526396631668
  },
  "Total" : {
    "transaction" : "Total",
    "sampleCount" : 1000000,
    "errorCount" : 5,
    "errorPct" : 5.0E-4,
    "meanResTime" : 9.798916999999738,
    "medianResTime" : 4.0,
    "minResTime" : 0.0,
    "maxResTime" : 1425.0,
    "pct1ResTime" : 19.0,
    "pct2ResTime" : 27.0,
    "pct3ResTime" : 40.9900000000016,
    "throughput" : 855.8961832165605,
    "receivedKBytesPerSec" : 3739.175684914873,
    "sentKBytesPerSec" : 212.75623258251267
  },
  "List Patients" : {
    "transaction" : "List Patients",
    "sampleCount" : 200000,
    "errorCount" : 0,
    "errorPct" : 0.0,
    "meanResTime" : 9.098904999999977,
    "medianResTime" : 3.0,
    "minResTime" : 1.0,
    "maxResTime" : 1414.0,
    "pct1ResTime" : 18.0,
    "pct2ResTime" : 27.0,
    "pct3ResTime" : 54.0,
    "throughput" : 171.19169104008367,
    "receivedKBytesPerSec" : 3465.544584374928,
    "sentKBytesPerSec" : 25.745625410325086
  },
  "Read Patient" : {
    "transaction" : "Read Patient",
    "sampleCount" : 200000,
    "errorCount" : 0,
    "errorPct" : 0.0,
    "meanResTime" : 8.571565000000016,
    "medianResTime" : 2.0,
    "minResTime" : 0.0,
    "maxResTime" : 1407.0,
    "pct1ResTime" : 17.0,
    "pct2ResTime" : 28.0,
    "pct3ResTime" : 62.0,
    "throughput" : 171.1886139029121,
    "receivedKBytesPerSec" : 79.9676573552365,
    "sentKBytesPerSec" : 29.3132081324007
  },
  "Create Patient" : {
    "transaction" : "Create Patient",
    "sampleCount" : 200000,
    "errorCount" : 5,
    "errorPct" : 0.0025,
    "meanResTime" : 10.532615000000192,
    "medianResTime" : 3.0,
    "minResTime" : 1.0,
    "maxResTime" : 1410.0,
    "pct1ResTime" : 20.0,
    "pct2ResTime" : 31.0,
    "pct3ResTime" : 79.0,
    "throughput" : 171.1820204100323,
    "receivedKBytesPerSec" : 85.70680798785592,
    "sentKBytesPerSec" : 60.071348398634996
  }
}