{
  "Delete Patient" : {
    "transaction" : "Delete Patient",
    "sampleCount" : 250000,
    "errorCount" : 0,
    "errorPct" : 0.0,
    "meanResTime" : 6.663976000000069,
    "medianResTime" : 4.0,
    "minResTime" : 1.0,
    "maxResTime" : 1492.0,
    "pct1ResTime" : 18.0,
    "pct2ResTime" : 27.0,
    "pct3ResTime" : 45.0,
    "throughput" : 173.11424917234078,
    "receivedKBytesPerSec" : 27.387215201092975,
    "sentKBytesPerSec" : 33.3807889080334
  },
  "Update Patient" : {
    "transaction" : "Update Patient",
    "sampleCount" : 250000,
    "errorCount" : 0,
    "errorPct" : 0.0,
    "meanResTime" : 6.55824000000012,
    "medianResTime" : 3.0,
    "minResTime" : 1.0,
    "maxResTime" : 1504.0,
    "pct1ResTime" : 18.0,
    "pct2ResTime" : 27.0,
    "pct3ResTime" : 46.0,
    "throughput" : 173.11317031150676,
    "receivedKBytesPerSec" : 82.06866002659365,
    "sentKBytesPerSec" : 65.40871510990608
  },
  "Total" : {
    "transaction" : "Total",
    "sampleCount" : 1250000,
    "errorCount" : 0,
    "errorPct" : 0.0,
    "meanResTime" : 6.111775999999948,
    "medianResTime" : 3.0,
    "minResTime" : 0.0,
    "maxResTime" : 1558.0,
    "pct1ResTime" : 19.0,
    "pct2ResTime" : 26.0,
    "pct3ResTime" : 43.9900000000016,
    "throughput" : 865.5328878262453,
    "receivedKBytesPerSec" : 4759.216904197021,
    "sentKBytesPerSec" : 215.2446743004071
  },
  "List Patients" : {
    "transaction" : "List Patients",
    "sampleCount" : 250000,
    "errorCount" : 0,
    "errorPct" : 0.0,
    "meanResTime" : 5.980772000000032,
    "medianResTime" : 3.0,
    "minResTime" : 1.0,
    "maxResTime" : 1558.0,
    "pct1ResTime" : 17.0,
    "pct2ResTime" : 24.0,
    "pct3ResTime" : 42.0,
    "throughput" : 173.1152081710378,
    "receivedKBytesPerSec" : 4482.400200434952,
    "sentKBytesPerSec" : 26.034904353847484
  },
  "Read Patient" : {
    "transaction" : "Read Patient",
    "sampleCount" : 250000,
    "errorCount" : 0,
    "errorPct" : 0.0,
    "meanResTime" : 4.990952000000003,
    "medianResTime" : 2.0,
    "minResTime" : 0.0,
    "maxResTime" : 1557.0,
    "pct1ResTime" : 16.0,
    "pct2ResTime" : 25.0,
    "pct3ResTime" : 47.0,
    "throughput" : 173.1122113353876,
    "receivedKBytesPerSec" : 80.88482114262715,
    "sentKBytesPerSec" : 29.66118829631617
  },
  "Create Patient" : {
    "transaction" : "Create Patient",
    "sampleCount" : 250000,
    "errorCount" : 0,
    "errorPct" : 0.0,
    "meanResTime" : 6.364939999999829,
    "medianResTime" : 3.0,
    "minResTime" : 1.0,
    "maxResTime" : 1492.0,
    "pct1ResTime" : 19.0,
    "pct2ResTime" : 29.0,
    "pct3ResTime" : 50.0,
    "throughput" : 173.10813580540986,
    "receivedKBytesPerSec" : 86.70722803067338,
    "sentKBytesPerSec" : 60.765858144201154
  }
}